<metadata xml:lang="en"><Esri><CreaDate>20220913</CreaDate><CreaTime>08434000</CreaTime><ArcGISFormat>1.0</ArcGISFormat><SyncOnce>FALSE</SyncOnce><DataProperties><lineage><Process ToolSource="c:\program files\arcgis\server\ArcToolbox\Toolboxes\Data Management Tools.tbx\Append" Date="20220913" Time="084340">Append D:\SPGExtract\Output\SPG_17004_20220913_031011\Hydrography\NHD\State\NHD_H_California_State_GPKG.gpkg\main.NHDWaterbody D:\SPGExtract\Output\SPG_17004_20220913_031011\Hydrography\NHD\State\NHD_H_California_State_GDB.gdb\Hydrography\NHDWaterbody NO_TEST "permanent_identifier "Permanent_Identifier" true false false 40 Text 0 0 ,First,#,D:\SPGExtract\Output\SPG_17004_20220913_031011\Hydrography\NHD\State\NHD_H_California_State_GDB.gdb\Hydrography\NHDWaterbody,permanent_identifier,-1,-1,D:\SPGExtract\Output\SPG_17004_20220913_031011\Hydrography\NHD\State\NHD_H_California_State_GDB.gdb\Hydrography\NHDWaterbody,permanent_identifier,-1,-1;fdate "FDate" true false false 8 Date 0 0 ,First,#,D:\SPGExtract\Output\SPG_17004_20220913_031011\Hydrography\NHD\State\NHD_H_California_State_GDB.gdb\Hydrography\NHDWaterbody,fdate,-1,-1,D:\SPGExtract\Output\SPG_17004_20220913_031011\Hydrography\NHD\State\NHD_H_California_State_GDB.gdb\Hydrography\NHDWaterbody,fdate,-1,-1;resolution "Resolution" true false false 4 Long 0 0 ,First,#,D:\SPGExtract\Output\SPG_17004_20220913_031011\Hydrography\NHD\State\NHD_H_California_State_GDB.gdb\Hydrography\NHDWaterbody,resolution,-1,-1,D:\SPGExtract\Output\SPG_17004_20220913_031011\Hydrography\NHD\State\NHD_H_California_State_GDB.gdb\Hydrography\NHDWaterbody,resolution,-1,-1;gnis_id "GNIS_ID" true true false 10 Text 0 0 ,First,#,D:\SPGExtract\Output\SPG_17004_20220913_031011\Hydrography\NHD\State\NHD_H_California_State_GDB.gdb\Hydrography\NHDWaterbody,gnis_id,-1,-1,D:\SPGExtract\Output\SPG_17004_20220913_031011\Hydrography\NHD\State\NHD_H_California_State_GDB.gdb\Hydrography\NHDWaterbody,gnis_id,-1,-1;gnis_name "GNIS_Name" true true false 65 Text 0 0 ,First,#,D:\SPGExtract\Output\SPG_17004_20220913_031011\Hydrography\NHD\State\NHD_H_California_State_GDB.gdb\Hydrography\NHDWaterbody,gnis_name,-1,-1,D:\SPGExtract\Output\SPG_17004_20220913_031011\Hydrography\NHD\State\NHD_H_California_State_GDB.gdb\Hydrography\NHDWaterbody,gnis_name,-1,-1;areasqkm "AreaSqKm" true true false 8 Double 0 0 ,First,#,D:\SPGExtract\Output\SPG_17004_20220913_031011\Hydrography\NHD\State\NHD_H_California_State_GDB.gdb\Hydrography\NHDWaterbody,areasqkm,-1,-1,D:\SPGExtract\Output\SPG_17004_20220913_031011\Hydrography\NHD\State\NHD_H_California_State_GDB.gdb\Hydrography\NHDWaterbody,areasqkm,-1,-1;elevation "Elevation" true true false 8 Double 0 0 ,First,#,D:\SPGExtract\Output\SPG_17004_20220913_031011\Hydrography\NHD\State\NHD_H_California_State_GDB.gdb\Hydrography\NHDWaterbody,elevation,-1,-1,D:\SPGExtract\Output\SPG_17004_20220913_031011\Hydrography\NHD\State\NHD_H_California_State_GDB.gdb\Hydrography\NHDWaterbody,elevation,-1,-1;reachcode "ReachCode" true true false 14 Text 0 0 ,First,#,D:\SPGExtract\Output\SPG_17004_20220913_031011\Hydrography\NHD\State\NHD_H_California_State_GDB.gdb\Hydrography\NHDWaterbody,reachcode,-1,-1,D:\SPGExtract\Output\SPG_17004_20220913_031011\Hydrography\NHD\State\NHD_H_California_State_GDB.gdb\Hydrography\NHDWaterbody,reachcode,-1,-1;ftype "FType" true false false 4 Long 0 0 ,First,#,D:\SPGExtract\Output\SPG_17004_20220913_031011\Hydrography\NHD\State\NHD_H_California_State_GDB.gdb\Hydrography\NHDWaterbody,ftype,-1,-1,D:\SPGExtract\Output\SPG_17004_20220913_031011\Hydrography\NHD\State\NHD_H_California_State_GDB.gdb\Hydrography\NHDWaterbody,ftype,-1,-1;fcode "FCode" true true false 4 Long 0 0 ,First,#,D:\SPGExtract\Output\SPG_17004_20220913_031011\Hydrography\NHD\State\NHD_H_California_State_GDB.gdb\Hydrography\NHDWaterbody,fcode,-1,-1,D:\SPGExtract\Output\SPG_17004_20220913_031011\Hydrography\NHD\State\NHD_H_California_State_GDB.gdb\Hydrography\NHDWaterbody,fcode,-1,-1;visibilityfilter "VisibilityFilter" true false false 4 Long 0 0 ,First,#,D:\SPGExtract\Output\SPG_17004_20220913_031011\Hydrography\NHD\State\NHD_H_California_State_GDB.gdb\Hydrography\NHDWaterbody,visibilityfilter,-1,-1,D:\SPGExtract\Output\SPG_17004_20220913_031011\Hydrography\NHD\State\NHD_H_California_State_GDB.gdb\Hydrography\NHDWaterbody,visibilityfilter,-1,-1;SHAPE_Length "SHAPE_Length" false true true 8 Double 0 0 ,First,#,D:\SPGExtract\Output\SPG_17004_20220913_031011\Hydrography\NHD\State\NHD_H_California_State_GDB.gdb\Hydrography\NHDWaterbody,SHAPE_Length,-1,-1,D:\SPGExtract\Output\SPG_17004_20220913_031011\Hydrography\NHD\State\NHD_H_California_State_GDB.gdb\Hydrography\NHDWaterbody,SHAPE_Length,-1,-1;SHAPE_Area "SHAPE_Area" false true true 8 Double 0 0 ,First,#,D:\SPGExtract\Output\SPG_17004_20220913_031011\Hydrography\NHD\State\NHD_H_California_State_GDB.gdb\Hydrography\NHDWaterbody,SHAPE_Area,-1,-1,D:\SPGExtract\Output\SPG_17004_20220913_031011\Hydrography\NHD\State\NHD_H_California_State_GDB.gdb\Hydrography\NHDWaterbody,SHAPE_Area,-1,-1" #</Process><Process ToolSource="c:\program files\arcgis\pro\Resources\ArcToolbox\toolboxes\Conversion Tools.tbx\ExportFeatures" Date="20221010" Time="095408">ExportFeatures NHDWaterbody \\doe-fotox\Home\Workspace\Ushakova\NHD_Updates\NHD_MajorRivers\NHD_WMAS.gdb\Major_Lakes_and_Reservoirs # NOT_USE_ALIAS "permanent_identifier "Permanent_Identifier" true true false 40 Text 0 0,First,#,NHDWaterbody,permanent_identifier,0,40;fdate "FDate" true true false 8 Date 0 0,First,#,NHDWaterbody,fdate,-1,-1;resolution "Resolution" true true false 4 Long 0 0,First,#,NHDWaterbody,resolution,-1,-1;gnis_id "GNIS_ID" true true false 10 Text 0 0,First,#,NHDWaterbody,gnis_id,0,10;gnis_name "GNIS_Name" true true false 65 Text 0 0,First,#,NHDWaterbody,gnis_name,0,65;areasqkm "AreaSqKm" true true false 8 Double 0 0,First,#,NHDWaterbody,areasqkm,-1,-1;elevation "Elevation" true true false 8 Double 0 0,First,#,NHDWaterbody,elevation,-1,-1;reachcode "ReachCode" true true false 14 Text 0 0,First,#,NHDWaterbody,reachcode,0,14;ftype "FType" true true false 4 Long 0 0,First,#,NHDWaterbody,ftype,-1,-1;fcode "FCode" true true false 4 Long 0 0,First,#,NHDWaterbody,fcode,-1,-1;visibilityfilter "VisibilityFilter" true true false 4 Long 0 0,First,#,NHDWaterbody,visibilityfilter,-1,-1;SHAPE_Length "SHAPE_Length" false true true 8 Double 0 0,First,#,NHDWaterbody,SHAPE_Length,-1,-1;SHAPE_Area "SHAPE_Area" false true true 8 Double 0 0,First,#,NHDWaterbody,SHAPE_Area,-1,-1" #</Process><Process ToolSource="c:\program files\arcgis\pro\Resources\ArcToolbox\toolboxes\Conversion Tools.tbx\ExportFeatures" Date="20221010" Time="095538">ExportFeatures Major_Lakes_and_Reservoirs \\doe-fotox\Home\Workspace\Ushakova\NHD_Updates\NHD_MajorRivers\NHD_MajorRivers.gdb\Major_Lakes_and_Reservoirs # NOT_USE_ALIAS "permanent_identifier "Permanent_Identifier" true true false 40 Text 0 0,First,#,Major_Lakes_and_Reservoirs,permanent_identifier,0,40;fdate "FDate" true true false 8 Date 0 0,First,#,Major_Lakes_and_Reservoirs,fdate,-1,-1;resolution "Resolution" true true false 4 Long 0 0,First,#,Major_Lakes_and_Reservoirs,resolution,-1,-1;gnis_id "GNIS_ID" true true false 10 Text 0 0,First,#,Major_Lakes_and_Reservoirs,gnis_id,0,10;gnis_name "GNIS_Name" true true false 65 Text 0 0,First,#,Major_Lakes_and_Reservoirs,gnis_name,0,65;areasqkm "AreaSqKm" true true false 8 Double 0 0,First,#,Major_Lakes_and_Reservoirs,areasqkm,-1,-1;elevation "Elevation" true true false 8 Double 0 0,First,#,Major_Lakes_and_Reservoirs,elevation,-1,-1;reachcode "ReachCode" true true false 14 Text 0 0,First,#,Major_Lakes_and_Reservoirs,reachcode,0,14;ftype "FType" true true false 4 Long 0 0,First,#,Major_Lakes_and_Reservoirs,ftype,-1,-1;fcode "FCode" true true false 4 Long 0 0,First,#,Major_Lakes_and_Reservoirs,fcode,-1,-1;visibilityfilter "VisibilityFilter" true true false 4 Long 0 0,First,#,Major_Lakes_and_Reservoirs,visibilityfilter,-1,-1;Shape_Length "Shape_Length" false true true 8 Double 0 0,First,#,Major_Lakes_and_Reservoirs,Shape_Length,-1,-1;Shape_Area "Shape_Area" false true true 8 Double 0 0,First,#,Major_Lakes_and_Reservoirs,Shape_Area,-1,-1" #</Process><Process ToolSource="c:\program files\arcgis\pro\Resources\ArcToolbox\toolboxes\Conversion Tools.tbx\ExportFeatures" Date="20221010" Time="095658">ExportFeatures Major_Lakes_and_Reservoirs \\doe-fotox\Home\Workspace\Ushakova\NHD_Updates\NHD_MajorRivers\NHD_Major_Lakes_and_Reservoirs\NHD_Major_Lakes_and_Reservoirs.shp # NOT_USE_ALIAS "permanent_identifier "Permanent_Identifier" true true false 40 Text 0 0,First,#,Major_Lakes_and_Reservoirs,permanent_identifier,0,40;fdate "FDate" true true false 8 Date 0 0,First,#,Major_Lakes_and_Reservoirs,fdate,-1,-1;resolution "Resolution" true true false 4 Long 0 0,First,#,Major_Lakes_and_Reservoirs,resolution,-1,-1;gnis_id "GNIS_ID" true true false 10 Text 0 0,First,#,Major_Lakes_and_Reservoirs,gnis_id,0,10;gnis_name "GNIS_Name" true true false 65 Text 0 0,First,#,Major_Lakes_and_Reservoirs,gnis_name,0,65;areasqkm "AreaSqKm" true true false 8 Double 0 0,First,#,Major_Lakes_and_Reservoirs,areasqkm,-1,-1;elevation "Elevation" true true false 8 Double 0 0,First,#,Major_Lakes_and_Reservoirs,elevation,-1,-1;reachcode "ReachCode" true true false 14 Text 0 0,First,#,Major_Lakes_and_Reservoirs,reachcode,0,14;ftype "FType" true true false 4 Long 0 0,First,#,Major_Lakes_and_Reservoirs,ftype,-1,-1;fcode "FCode" true true false 4 Long 0 0,First,#,Major_Lakes_and_Reservoirs,fcode,-1,-1;visibilityfilter "VisibilityFilter" true true false 4 Long 0 0,First,#,Major_Lakes_and_Reservoirs,visibilityfilter,-1,-1;Shape_Length "Shape_Length" false true true 8 Double 0 0,First,#,Major_Lakes_and_Reservoirs,Shape_Length,-1,-1;Shape_Area "Shape_Area" false true true 8 Double 0 0,First,#,Major_Lakes_and_Reservoirs,Shape_Area,-1,-1" #</Process></lineage><itemProps><itemName Sync="TRUE">NHD_Major_Lakes_and_Reservoirs</itemName><imsContentType Sync="TRUE">002</imsContentType><itemLocation><linkage Sync="TRUE">file://\\doe-fotox\Home\Workspace\Ushakova\NHD_Updates\NHD_MajorRivers\NHD_Major_Lakes_and_Reservoirs\NHD_Major_Lakes_and_Reservoirs.shp</linkage><protocol Sync="TRUE">Local Area Network</protocol></itemLocation><itemSize Sync="TRUE">0.000</itemSize></itemProps><coordRef><type Sync="TRUE">Geographic</type><geogcsn Sync="TRUE">GCS_North_American_1983</geogcsn><csUnits Sync="TRUE">Angular Unit: Degree (0.017453)</csUnits><peXml Sync="TRUE">&lt;GeographicCoordinateSystem xsi:type='typens:GeographicCoordinateSystem' xmlns:xsi='http://www.w3.org/2001/XMLSchema-instance' xmlns:xs='http://www.w3.org/2001/XMLSchema' xmlns:typens='http://www.esri.com/schemas/ArcGIS/3.0.0'&gt;&lt;WKT&gt;GEOGCS[&amp;quot;GCS_North_American_1983&amp;quot;,DATUM[&amp;quot;D_North_American_1983&amp;quot;,SPHEROID[&amp;quot;GRS_1980&amp;quot;,6378137.0,298.257222101]],PRIMEM[&amp;quot;Greenwich&amp;quot;,0.0],UNIT[&amp;quot;Degree&amp;quot;,0.0174532925199433],AUTHORITY[&amp;quot;EPSG&amp;quot;,4269]],VERTCS[&amp;quot;NAVD_1988&amp;quot;,VDATUM[&amp;quot;North_American_Vertical_Datum_1988&amp;quot;],PARAMETER[&amp;quot;Vertical_Shift&amp;quot;,0.0],PARAMETER[&amp;quot;Direction&amp;quot;,1.0],UNIT[&amp;quot;Meter&amp;quot;,1.0],AUTHORITY[&amp;quot;EPSG&amp;quot;,5703]]&lt;/WKT&gt;&lt;XOrigin&gt;-400&lt;/XOrigin&gt;&lt;YOrigin&gt;-400&lt;/YOrigin&gt;&lt;XYScale&gt;11258999068426.238&lt;/XYScale&gt;&lt;ZOrigin&gt;-100000&lt;/ZOrigin&gt;&lt;ZScale&gt;10000&lt;/ZScale&gt;&lt;MOrigin&gt;-100000&lt;/MOrigin&gt;&lt;MScale&gt;10000&lt;/MScale&gt;&lt;XYTolerance&gt;8.983152841195215e-09&lt;/XYTolerance&gt;&lt;ZTolerance&gt;0.001&lt;/ZTolerance&gt;&lt;MTolerance&gt;0.001&lt;/MTolerance&gt;&lt;HighPrecision&gt;true&lt;/HighPrecision&gt;&lt;LeftLongitude&gt;-180&lt;/LeftLongitude&gt;&lt;WKID&gt;4269&lt;/WKID&gt;&lt;LatestWKID&gt;4269&lt;/LatestWKID&gt;&lt;VCSWKID&gt;5703&lt;/VCSWKID&gt;&lt;LatestVCSWKID&gt;5703&lt;/LatestVCSWKID&gt;&lt;/GeographicCoordinateSystem&gt;</peXml></coordRef></DataProperties><SyncDate>20221010</SyncDate><SyncTime>09565600</SyncTime><ModDate>20221010</ModDate><ModTime>09565600</ModTime></Esri><dataIdInfo><envirDesc Sync="TRUE">Microsoft Windows 10 Version 10.0 (Build 19041) ; Esri ArcGIS 13.0.0.36056</envirDesc><dataLang><languageCode value="eng" Sync="TRUE"></languageCode><countryCode value="USA" Sync="TRUE"></countryCode></dataLang><idCitation><resTitle Sync="TRUE">NHD_Major_Lakes_and_Reservoirs</resTitle><presForm><PresFormCd value="005" Sync="TRUE"></PresFormCd></presForm></idCitation><spatRpType><SpatRepTypCd value="001" Sync="TRUE"></SpatRepTypCd></spatRpType></dataIdInfo><mdLang><languageCode value="eng" Sync="TRUE"></languageCode><countryCode value="USA" Sync="TRUE"></countryCode></mdLang><distInfo><distFormat><formatName Sync="TRUE">Shapefile</formatName></distFormat><distTranOps><transSize Sync="TRUE">0.000</transSize></distTranOps></distInfo><mdHrLv><ScopeCd value="005" Sync="TRUE"></ScopeCd></mdHrLv><mdHrLvName Sync="TRUE">dataset</mdHrLvName><refSysInfo><RefSystem><refSysID><identCode code="4269" Sync="TRUE"></identCode><idCodeSpace Sync="TRUE">EPSG</idCodeSpace><idVersion Sync="TRUE">6.5(3.0.1)</idVersion></refSysID></RefSystem></refSysInfo><spatRepInfo><VectSpatRep><geometObjs Name="NHD_Major_Lakes_and_Reservoirs"><geoObjTyp><GeoObjTypCd value="002" Sync="TRUE"></GeoObjTypCd></geoObjTyp><geoObjCnt Sync="TRUE">0</geoObjCnt></geometObjs><topLvl><TopoLevCd value="001" Sync="TRUE"></TopoLevCd></topLvl></VectSpatRep></spatRepInfo><spdoinfo><ptvctinf><esriterm Name="NHD_Major_Lakes_and_Reservoirs"><efeatyp Sync="TRUE">Simple</efeatyp><efeageom code="4" Sync="TRUE"></efeageom><esritopo Sync="TRUE">FALSE</esritopo><efeacnt Sync="TRUE">0</efeacnt><spindex Sync="TRUE">FALSE</spindex><linrefer Sync="TRUE">TRUE</linrefer></esriterm></ptvctinf></spdoinfo><eainfo><detailed Name="NHD_Major_Lakes_and_Reservoirs"><enttyp><enttypl Sync="TRUE">NHD_Major_Lakes_and_Reservoirs</enttypl><enttypt Sync="TRUE">Feature Class</enttypt><enttypc Sync="TRUE">0</enttypc></enttyp><attr><attrlabl Sync="TRUE">Shape</attrlabl><attalias Sync="TRUE">Shape</attalias><attrtype Sync="TRUE">Geometry</attrtype><attwidth Sync="TRUE">0</attwidth><atprecis Sync="TRUE">0</atprecis><attscale Sync="TRUE">0</attscale><attrdef Sync="TRUE">Feature geometry.</attrdef><attrdefs Sync="TRUE">Esri</attrdefs><attrdomv><udom Sync="TRUE">Coordinates defining the features.</udom></attrdomv></attr><attr><attrlabl Sync="TRUE">fdate</attrlabl><attalias Sync="TRUE">fdate</attalias><attrtype Sync="TRUE">Date</attrtype><attwidth Sync="TRUE">8</attwidth><atprecis Sync="TRUE">0</atprecis><attscale Sync="TRUE">0</attscale></attr><attr><attrlabl Sync="TRUE">resolution</attrlabl><attalias Sync="TRUE">resolution</attalias><attrtype Sync="TRUE">Integer</attrtype><attwidth Sync="TRUE">10</attwidth><atprecis Sync="TRUE">10</atprecis><attscale Sync="TRUE">0</attscale></attr><attr><attrlabl Sync="TRUE">gnis_id</attrlabl><attalias Sync="TRUE">gnis_id</attalias><attrtype Sync="TRUE">String</attrtype><attwidth Sync="TRUE">10</attwidth><atprecis Sync="TRUE">0</atprecis><attscale Sync="TRUE">0</attscale></attr><attr><attrlabl Sync="TRUE">gnis_name</attrlabl><attalias Sync="TRUE">gnis_name</attalias><attrtype Sync="TRUE">String</attrtype><attwidth Sync="TRUE">65</attwidth><atprecis Sync="TRUE">0</atprecis><attscale Sync="TRUE">0</attscale></attr><attr><attrlabl Sync="TRUE">areasqkm</attrlabl><attalias Sync="TRUE">areasqkm</attalias><attrtype Sync="TRUE">Double</attrtype><attwidth Sync="TRUE">19</attwidth><atprecis Sync="TRUE">0</atprecis><attscale Sync="TRUE">0</attscale></attr><attr><attrlabl Sync="TRUE">FID</attrlabl><attalias Sync="TRUE">FID</attalias><attrtype Sync="TRUE">OID</attrtype><attwidth Sync="TRUE">4</attwidth><atprecis Sync="TRUE">0</atprecis><attscale Sync="TRUE">0</attscale><attrdef Sync="TRUE">Internal feature number.</attrdef><attrdefs Sync="TRUE">Esri</attrdefs><attrdomv><udom Sync="TRUE">Sequential unique whole numbers that are automatically generated.</udom></attrdomv></attr><attr><attrlabl Sync="TRUE">elevation</attrlabl><attalias Sync="TRUE">elevation</attalias><attrtype Sync="TRUE">Double</attrtype><attwidth Sync="TRUE">19</attwidth><atprecis Sync="TRUE">0</atprecis><attscale Sync="TRUE">0</attscale></attr><attr><attrlabl Sync="TRUE">permanent_</attrlabl><attalias Sync="TRUE">permanent_</attalias><attrtype Sync="TRUE">String</attrtype><attwidth Sync="TRUE">40</attwidth><atprecis Sync="TRUE">0</atprecis><attscale Sync="TRUE">0</attscale></attr><attr><attrlabl Sync="TRUE">reachcode</attrlabl><attalias Sync="TRUE">reachcode</attalias><attrtype Sync="TRUE">String</attrtype><attwidth Sync="TRUE">14</attwidth><atprecis Sync="TRUE">0</atprecis><attscale Sync="TRUE">0</attscale></attr><attr><attrlabl Sync="TRUE">ftype</attrlabl><attalias Sync="TRUE">ftype</attalias><attrtype Sync="TRUE">Integer</attrtype><attwidth Sync="TRUE">10</attwidth><atprecis Sync="TRUE">10</atprecis><attscale Sync="TRUE">0</attscale></attr><attr><attrlabl Sync="TRUE">fcode</attrlabl><attalias Sync="TRUE">fcode</attalias><attrtype Sync="TRUE">Integer</attrtype><attwidth Sync="TRUE">10</attwidth><atprecis Sync="TRUE">10</atprecis><attscale Sync="TRUE">0</attscale></attr><attr><attrlabl Sync="TRUE">Shape_Area</attrlabl><attalias Sync="TRUE">Shape_Area</attalias><attrtype Sync="TRUE">Double</attrtype><attwidth Sync="TRUE">19</attwidth><atprecis Sync="TRUE">0</atprecis><attscale Sync="TRUE">0</attscale><attrdef Sync="TRUE">Area of feature in internal units squared.</attrdef><attrdefs Sync="TRUE">Esri</attrdefs><attrdomv><udom Sync="TRUE">Positive real numbers that are automatically generated.</udom></attrdomv></attr><subtype><stname Sync="TRUE">Reservoir</stname><stcode Sync="TRUE">436</stcode><stfield><stfldnm Sync="TRUE">resolution</stfldnm><stflddd><domname Sync="TRUE">Resolution</domname><domdesc Sync="TRUE"></domdesc><domtype Sync="TRUE">Coded Value</domtype><mrgtype Sync="TRUE">Default value</mrgtype><splttype Sync="TRUE">Duplicate</splttype><domowner Sync="TRUE"></domowner><domfldtp Sync="TRUE">Integer</domfldtp></stflddd></stfield><stfield><stfldnm Sync="TRUE">elevation</stfldnm><stflddd><domname Sync="TRUE">ElevationRange</domname><domdesc Sync="TRUE"></domdesc><domtype Sync="TRUE">Range</domtype><mrgtype Sync="TRUE">Default value</mrgtype><splttype Sync="TRUE">Default value</splttype><domowner Sync="TRUE"></domowner><domfldtp Sync="TRUE">Double</domfldtp></stflddd></stfield><stfield><stfldnm Sync="TRUE">fcode</stfldnm><stflddv Sync="TRUE">43600</stflddv><stflddd><domname Sync="TRUE">Reservoir FCode</domname><domdesc Sync="TRUE"></domdesc><domtype Sync="TRUE">Coded Value</domtype><mrgtype Sync="TRUE">Default value</mrgtype><splttype Sync="TRUE">Duplicate</splttype><domowner Sync="TRUE"></domowner><domfldtp Sync="TRUE">Integer</domfldtp></stflddd></stfield><stfield><stfldnm Sync="TRUE">visibilityfilter</stfldnm><stflddv Sync="TRUE">0</stflddv><stflddd><domname Sync="TRUE">VisibilityFilter Domain</domname><domdesc Sync="TRUE"></domdesc><domtype Sync="TRUE">Coded Value</domtype><mrgtype Sync="TRUE">Default value</mrgtype><splttype Sync="TRUE">Duplicate</splttype><domowner Sync="TRUE"></domowner><domfldtp Sync="TRUE">Integer</domfldtp></stflddd></stfield></subtype><subtype><stname Sync="TRUE">SwampMarsh</stname><stcode Sync="TRUE">466</stcode><stfield><stfldnm Sync="TRUE">resolution</stfldnm><stflddd><domname Sync="TRUE">Resolution</domname><domdesc Sync="TRUE"></domdesc><domtype Sync="TRUE">Coded Value</domtype><mrgtype Sync="TRUE">Default value</mrgtype><splttype Sync="TRUE">Duplicate</splttype><domowner Sync="TRUE"></domowner><domfldtp Sync="TRUE">Integer</domfldtp></stflddd></stfield><stfield><stfldnm Sync="TRUE">elevation</stfldnm><stflddd><domname Sync="TRUE">ElevationRange</domname><domdesc Sync="TRUE"></domdesc><domtype Sync="TRUE">Range</domtype><mrgtype Sync="TRUE">Default value</mrgtype><splttype Sync="TRUE">Default value</splttype><domowner Sync="TRUE"></domowner><domfldtp Sync="TRUE">Double</domfldtp></stflddd></stfield><stfield><stfldnm Sync="TRUE">fcode</stfldnm><stflddv Sync="TRUE">46600</stflddv><stflddd><domname Sync="TRUE">SwampMarsh FCode</domname><domdesc Sync="TRUE"></domdesc><domtype Sync="TRUE">Coded Value</domtype><mrgtype Sync="TRUE">Default value</mrgtype><splttype Sync="TRUE">Duplicate</splttype><domowner Sync="TRUE"></domowner><domfldtp Sync="TRUE">Integer</domfldtp></stflddd></stfield><stfield><stfldnm Sync="TRUE">visibilityfilter</stfldnm><stflddv Sync="TRUE">0</stflddv><stflddd><domname Sync="TRUE">VisibilityFilter Domain</domname><domdesc Sync="TRUE"></domdesc><domtype Sync="TRUE">Coded Value</domtype><mrgtype Sync="TRUE">Default value</mrgtype><splttype Sync="TRUE">Duplicate</splttype><domowner Sync="TRUE"></domowner><domfldtp Sync="TRUE">Integer</domfldtp></stflddd></stfield></subtype><subtype><stname Sync="TRUE">Estuary</stname><stcode Sync="TRUE">493</stcode><stfield><stfldnm Sync="TRUE">resolution</stfldnm><stflddd><domname Sync="TRUE">Resolution</domname><domdesc Sync="TRUE"></domdesc><domtype Sync="TRUE">Coded Value</domtype><mrgtype Sync="TRUE">Default value</mrgtype><splttype Sync="TRUE">Duplicate</splttype><domowner Sync="TRUE"></domowner><domfldtp Sync="TRUE">Integer</domfldtp></stflddd></stfield><stfield><stfldnm Sync="TRUE">elevation</stfldnm><stflddd><domname Sync="TRUE">ElevationRange</domname><domdesc Sync="TRUE"></domdesc><domtype Sync="TRUE">Range</domtype><mrgtype Sync="TRUE">Default value</mrgtype><splttype Sync="TRUE">Default value</splttype><domowner Sync="TRUE"></domowner><domfldtp Sync="TRUE">Double</domfldtp></stflddd></stfield><stfield><stfldnm Sync="TRUE">fcode</stfldnm><stflddv Sync="TRUE">49300</stflddv><stflddd><domname Sync="TRUE">Estuary FCode</domname><domdesc Sync="TRUE"></domdesc><domtype Sync="TRUE">Coded Value</domtype><mrgtype Sync="TRUE">Default value</mrgtype><splttype Sync="TRUE">Duplicate</splttype><domowner Sync="TRUE"></domowner><domfldtp Sync="TRUE">Integer</domfldtp></stflddd></stfield><stfield><stfldnm Sync="TRUE">visibilityfilter</stfldnm><stflddv Sync="TRUE">0</stflddv><stflddd><domname Sync="TRUE">VisibilityFilter Domain</domname><domdesc Sync="TRUE"></domdesc><domtype Sync="TRUE">Coded Value</domtype><mrgtype Sync="TRUE">Default value</mrgtype><splttype Sync="TRUE">Duplicate</splttype><domowner Sync="TRUE"></domowner><domfldtp Sync="TRUE">Integer</domfldtp></stflddd></stfield></subtype><subtype><stname Sync="TRUE">LakePond</stname><stcode Sync="TRUE">390</stcode><stfield><stfldnm Sync="TRUE">resolution</stfldnm><stflddd><domname Sync="TRUE">Resolution</domname><domdesc Sync="TRUE"></domdesc><domtype Sync="TRUE">Coded Value</domtype><mrgtype Sync="TRUE">Default value</mrgtype><splttype Sync="TRUE">Duplicate</splttype><domowner Sync="TRUE"></domowner><domfldtp Sync="TRUE">Integer</domfldtp></stflddd></stfield><stfield><stfldnm Sync="TRUE">elevation</stfldnm><stflddd><domname Sync="TRUE">ElevationRange</domname><domdesc Sync="TRUE"></domdesc><domtype Sync="TRUE">Range</domtype><mrgtype Sync="TRUE">Default value</mrgtype><splttype Sync="TRUE">Default value</splttype><domowner Sync="TRUE"></domowner><domfldtp Sync="TRUE">Double</domfldtp></stflddd></stfield><stfield><stfldnm Sync="TRUE">fcode</stfldnm><stflddv Sync="TRUE">39004</stflddv><stflddd><domname Sync="TRUE">LakePond FCode</domname><domdesc Sync="TRUE"></domdesc><domtype Sync="TRUE">Coded Value</domtype><mrgtype Sync="TRUE">Default value</mrgtype><splttype Sync="TRUE">Duplicate</splttype><domowner Sync="TRUE"></domowner><domfldtp Sync="TRUE">Integer</domfldtp></stflddd></stfield><stfield><stfldnm Sync="TRUE">visibilityfilter</stfldnm><stflddv Sync="TRUE">0</stflddv><stflddd><domname Sync="TRUE">VisibilityFilter Domain</domname><domdesc Sync="TRUE"></domdesc><domtype Sync="TRUE">Coded Value</domtype><mrgtype Sync="TRUE">Default value</mrgtype><splttype Sync="TRUE">Duplicate</splttype><domowner Sync="TRUE"></domowner><domfldtp Sync="TRUE">Integer</domfldtp></stflddd></stfield></subtype><subtype><stname Sync="TRUE">Playa</stname><stcode Sync="TRUE">361</stcode><stfield><stfldnm Sync="TRUE">resolution</stfldnm><stflddd><domname Sync="TRUE">Resolution</domname><domdesc Sync="TRUE"></domdesc><domtype Sync="TRUE">Coded Value</domtype><mrgtype Sync="TRUE">Default value</mrgtype><splttype Sync="TRUE">Duplicate</splttype><domowner Sync="TRUE"></domowner><domfldtp Sync="TRUE">Integer</domfldtp></stflddd></stfield><stfield><stfldnm Sync="TRUE">elevation</stfldnm><stflddd><domname Sync="TRUE">ElevationRange</domname><domdesc Sync="TRUE"></domdesc><domtype Sync="TRUE">Range</domtype><mrgtype Sync="TRUE">Default value</mrgtype><splttype Sync="TRUE">Default value</splttype><domowner Sync="TRUE"></domowner><domfldtp Sync="TRUE">Double</domfldtp></stflddd></stfield><stfield><stfldnm Sync="TRUE">fcode</stfldnm><stflddv Sync="TRUE">36100</stflddv><stflddd><domname Sync="TRUE">Playa FCode</domname><domdesc Sync="TRUE"></domdesc><domtype Sync="TRUE">Coded Value</domtype><mrgtype Sync="TRUE">Default value</mrgtype><splttype Sync="TRUE">Duplicate</splttype><domowner Sync="TRUE"></domowner><domfldtp Sync="TRUE">Integer</domfldtp></stflddd></stfield><stfield><stfldnm Sync="TRUE">visibilityfilter</stfldnm><stflddv Sync="TRUE">0</stflddv><stflddd><domname Sync="TRUE">VisibilityFilter Domain</domname><domdesc Sync="TRUE"></domdesc><domtype Sync="TRUE">Coded Value</domtype><mrgtype Sync="TRUE">Default value</mrgtype><splttype Sync="TRUE">Duplicate</splttype><domowner Sync="TRUE"></domowner><domfldtp Sync="TRUE">Integer</domfldtp></stflddd></stfield></subtype><attr><attrlabl Sync="TRUE">visibility</attrlabl><attalias Sync="TRUE">visibility</attalias><attrtype Sync="TRUE">Integer</attrtype><attwidth Sync="TRUE">10</attwidth><atprecis Sync="TRUE">10</atprecis><attscale Sync="TRUE">0</attscale></attr><attr><attrlabl Sync="TRUE">Shape_Leng</attrlabl><attalias Sync="TRUE">Shape_Leng</attalias><attrtype Sync="TRUE">Double</attrtype><attwidth Sync="TRUE">19</attwidth><atprecis Sync="TRUE">0</atprecis><attscale Sync="TRUE">0</attscale></attr><subtype><stname Sync="TRUE">Ice Mass</stname><stcode Sync="TRUE">378</stcode><stfield><stfldnm Sync="TRUE">resolution</stfldnm><stflddd><domname Sync="TRUE">Resolution</domname><domdesc Sync="TRUE"></domdesc><domtype Sync="TRUE">Coded Value</domtype><mrgtype Sync="TRUE">Default value</mrgtype><splttype Sync="TRUE">Duplicate</splttype><domowner Sync="TRUE"></domowner><domfldtp Sync="TRUE">Integer</domfldtp></stflddd></stfield><stfield><stfldnm Sync="TRUE">elevation</stfldnm><stflddd><domname Sync="TRUE">ElevationRange</domname><domdesc Sync="TRUE"></domdesc><domtype Sync="TRUE">Range</domtype><mrgtype Sync="TRUE">Default value</mrgtype><splttype Sync="TRUE">Default value</splttype><domowner Sync="TRUE"></domowner><domfldtp Sync="TRUE">Double</domfldtp></stflddd></stfield><stfield><stfldnm Sync="TRUE">fcode</stfldnm><stflddv Sync="TRUE">37800</stflddv><stflddd><domname Sync="TRUE">Ice Mass FCode</domname><domdesc Sync="TRUE"></domdesc><domtype Sync="TRUE">Coded Value</domtype><mrgtype Sync="TRUE">Default value</mrgtype><splttype Sync="TRUE">Duplicate</splttype><domowner Sync="TRUE"></domowner><domfldtp Sync="TRUE">Integer</domfldtp></stflddd></stfield><stfield><stfldnm Sync="TRUE">visibilityfilter</stfldnm><stflddv Sync="TRUE">0</stflddv><stflddd><domname Sync="TRUE">VisibilityFilter Domain</domname><domdesc Sync="TRUE"></domdesc><domtype Sync="TRUE">Coded Value</domtype><mrgtype Sync="TRUE">Default value</mrgtype><splttype Sync="TRUE">Duplicate</splttype><domowner Sync="TRUE"></domowner><domfldtp Sync="TRUE">Integer</domfldtp></stflddd></stfield></subtype></detailed></eainfo><mdDateSt Sync="TRUE">20221010</mdDateSt></metadata>
